,filename,uploaded
0,C:\Users\faulhamm\OneDrive - Universität Graz\Dokumente\Sample_ML_One\Campina\Data\150223_DJI_0943.JPG,True
0,C:\Users\faulhamm\OneDrive - Universität Graz\Dokumente\Sample_ML_One\Campina\Data\150223_DJI_0948.JPG,True
0,C:\Users\faulhamm\OneDrive - Universität Graz\Dokumente\Sample_ML_One\Campina\Data\150223_DJI_0953.JPG,True
0,C:\Users\faulhamm\OneDrive - Universität Graz\Dokumente\Sample_ML_One\Campina\Data\150223_DJI_0958.JPG,True
0,C:\Users\faulhamm\OneDrive - Universität Graz\Dokumente\Sample_ML_One\Campina\Data\150223_DJI_0963.JPG,True
0,C:\Users\faulhamm\OneDrive - Universität Graz\Dokumente\Sample_ML_One\Campina\Data\150223_DJI_0968.JPG,True
0,C:\Users\faulhamm\OneDrive - Universität Graz\Dokumente\Sample_ML_One\Campina\Data\150223_DJI_0973.JPG,True
0,C:\Users\faulhamm\OneDrive - Universität Graz\Dokumente\Sample_ML_One\Campina\Data\150223_DJI_0978.JPG,True
0,C:\Users\faulhamm\OneDrive - Universität Graz\Dokumente\Sample_ML_One\Campina\Data\150223_DJI_0983.JPG,True
0,C:\Users\faulhamm\OneDrive - Universität Graz\Dokumente\Sample_ML_One\Campina\Data\150223_DJI_0989.JPG,True
0,C:\Users\faulhamm\OneDrive - Universität Graz\Dokumente\Sample_ML_One\Campina\Data\150223_DJI_0994.JPG,True
0,C:\Users\faulhamm\OneDrive - Universität Graz\Dokumente\Sample_ML_One\Campina\Data\150223_DJI_0999.JPG,True
0,C:\Users\faulhamm\OneDrive - Universität Graz\Dokumente\Sample_ML_One\Campina\Data\160223_DJI_0349.JPG,True
0,C:\Users\faulhamm\OneDrive - Universität Graz\Dokumente\Sample_ML_One\Campina\Data\160223_DJI_0353.JPG,True
0,C:\Users\faulhamm\OneDrive - Universität Graz\Dokumente\Sample_ML_One\Campina\Data\160223_DJI_0357.JPG,True
0,C:\Users\faulhamm\OneDrive - Universität Graz\Dokumente\Sample_ML_One\Campina\Data\160223_DJI_0361.JPG,True
0,C:\Users\faulhamm\OneDrive - Universität Graz\Dokumente\Sample_ML_One\Campina\Data\160223_DJI_0365.JPG,True
0,C:\Users\faulhamm\OneDrive - Universität Graz\Dokumente\Sample_ML_One\Campina\Data\160223_DJI_0369.JPG,True
0,C:\Users\faulhamm\OneDrive - Universität Graz\Dokumente\Sample_ML_One\Campina\Data\160223_DJI_0373.JPG,True
0,C:\Users\faulhamm\OneDrive - Universität Graz\Dokumente\Sample_ML_One\Campina\Data\160223_DJI_0377.JPG,True
0,C:\Users\faulhamm\OneDrive - Universität Graz\Dokumente\Sample_ML_One\Campina\Data\160223_DJI_0381.JPG,True
0,C:\Users\faulhamm\OneDrive - Universität Graz\Dokumente\Sample_ML_One\Campina\Data\160223_DJI_0385.JPG,True
0,C:\Users\faulhamm\OneDrive - Universität Graz\Dokumente\Sample_ML_One\Campina\Data\160223_DJI_0389.JPG,True
0,C:\Users\faulhamm\OneDrive - Universität Graz\Dokumente\Sample_ML_One\Campina\Data\160223_DJI_0393.JPG,True
0,C:\Users\faulhamm\OneDrive - Universität Graz\Dokumente\Sample_ML_One\Campina\Data\160223_DJI_0397.JPG,True
0,C:\Users\faulhamm\OneDrive - Universität Graz\Dokumente\Sample_ML_One\Campina\Data\160223_DJI_0401.JPG,True
0,C:\Users\faulhamm\OneDrive - Universität Graz\Dokumente\Sample_ML_One\Campina\Data\160223_DJI_0405.JPG,True
0,C:\Users\faulhamm\OneDrive - Universität Graz\Dokumente\Sample_ML_One\Campina\Data\160223_DJI_0409.JPG,True
0,C:\Users\faulhamm\OneDrive - Universität Graz\Dokumente\Sample_ML_One\Campina\Data\160223_DJI_0413.JPG,True
0,C:\Users\faulhamm\OneDrive - Universität Graz\Dokumente\Sample_ML_One\Campina\Data\160223_DJI_0417.JPG,True
0,C:\Users\faulhamm\OneDrive - Universität Graz\Dokumente\Sample_ML_One\Campina\Data\160223_DJI_0421.JPG,True
0,C:\Users\faulhamm\OneDrive - Universität Graz\Dokumente\Sample_ML_One\Campina\Data\160223_DJI_0425.JPG,True
0,C:\Users\faulhamm\OneDrive - Universität Graz\Dokumente\Sample_ML_One\Campina\Data\160223_DJI_0429.JPG,True
0,C:\Users\faulhamm\OneDrive - Universität Graz\Dokumente\Sample_ML_One\Campina\Data\160223_DJI_0433.JPG,True
0,C:\Users\faulhamm\OneDrive - Universität Graz\Dokumente\Sample_ML_One\Campina\Data\160223_DJI_0437.JPG,True
0,C:\Users\faulhamm\OneDrive - Universität Graz\Dokumente\Sample_ML_One\Campina\Data\210223_DJI_0465.JPG,True
0,C:\Users\faulhamm\OneDrive - Universität Graz\Dokumente\Sample_ML_One\Campina\Data\210223_DJI_0467.JPG,True
0,C:\Users\faulhamm\OneDrive - Universität Graz\Dokumente\Sample_ML_One\Campina\Data\210223_DJI_0472.JPG,True
0,C:\Users\faulhamm\OneDrive - Universität Graz\Dokumente\Sample_ML_One\Campina\Data\210223_DJI_0474.JPG,True
0,C:\Users\faulhamm\OneDrive - Universität Graz\Dokumente\Sample_ML_One\Campina\Data\210223_DJI_0476.JPG,True
0,C:\Users\faulhamm\OneDrive - Universität Graz\Dokumente\Sample_ML_One\Campina\Data\210223_DJI_0478.JPG,True
0,C:\Users\faulhamm\OneDrive - Universität Graz\Dokumente\Sample_ML_One\Campina\Data\210223_DJI_0481.JPG,True
0,C:\Users\faulhamm\OneDrive - Universität Graz\Dokumente\Sample_ML_One\Campina\Data\210223_DJI_0484.JPG,True
0,C:\Users\faulhamm\OneDrive - Universität Graz\Dokumente\Sample_ML_One\Campina\Data\210223_DJI_0486.JPG,True
0,C:\Users\faulhamm\OneDrive - Universität Graz\Dokumente\Sample_ML_One\Campina\Data\210223_DJI_0488.JPG,True
0,C:\Users\faulhamm\OneDrive - Universität Graz\Dokumente\Sample_ML_One\Campina\Data\210223_DJI_0490.JPG,True
0,C:\Users\faulhamm\OneDrive - Universität Graz\Dokumente\Sample_ML_One\Campina\Data\210223_DJI_0492.JPG,True
0,C:\Users\faulhamm\OneDrive - Universität Graz\Dokumente\Sample_ML_One\Campina\Data\210223_DJI_0495.JPG,True
0,C:\Users\faulhamm\OneDrive - Universität Graz\Dokumente\Sample_ML_One\Campina\Data\210223_DJI_0496.JPG,True
0,C:\Users\faulhamm\OneDrive - Universität Graz\Dokumente\Sample_ML_One\Campina\Data\210223_DJI_0499.JPG,True
0,C:\Users\faulhamm\OneDrive - Universität Graz\Dokumente\Sample_ML_One\Campina\Data\210223_DJI_0500.JPG,True
0,C:\Users\faulhamm\OneDrive - Universität Graz\Dokumente\Sample_ML_One\Campina\Data\210223_DJI_0502.JPG,True
0,C:\Users\faulhamm\OneDrive - Universität Graz\Dokumente\Sample_ML_One\Campina\Data\210223_DJI_0504.JPG,True
0,C:\Users\faulhamm\OneDrive - Universität Graz\Dokumente\Sample_ML_One\Campina\Data\210223_DJI_0506.JPG,True
0,C:\Users\faulhamm\OneDrive - Universität Graz\Dokumente\Sample_ML_One\Campina\Data\210223_DJI_0509.JPG,True
0,C:\Users\faulhamm\OneDrive - Universität Graz\Dokumente\Sample_ML_One\Campina\Data\210223_DJI_0511.JPG,True
0,C:\Users\faulhamm\OneDrive - Universität Graz\Dokumente\Sample_ML_One\Campina\Data\210223_DJI_0515.JPG,True
0,C:\Users\faulhamm\OneDrive - Universität Graz\Dokumente\Sample_ML_One\Campina\Data\210223_DJI_0518.JPG,True
0,C:\Users\faulhamm\OneDrive - Universität Graz\Dokumente\Sample_ML_One\Campina\Data\210223_DJI_0521.JPG,True
0,C:\Users\faulhamm\OneDrive - Universität Graz\Dokumente\Sample_ML_One\Campina\Data\210223_DJI_0523.JPG,True
0,C:\Users\faulhamm\OneDrive - Universität Graz\Dokumente\Sample_ML_One\Campina\Data\210223_DJI_0524.JPG,True
0,C:\Users\faulhamm\OneDrive - Universität Graz\Dokumente\Sample_ML_One\Campina\Data\210223_DJI_0527.JPG,True
0,C:\Users\faulhamm\OneDrive - Universität Graz\Dokumente\Sample_ML_One\Campina\Data\210223_DJI_0529.JPG,False
0,C:\Users\faulhamm\OneDrive - Universität Graz\Dokumente\Sample_ML_One\Campina\Data\210223_DJI_0530.JPG,False
0,C:\Users\faulhamm\OneDrive - Universität Graz\Dokumente\Sample_ML_One\Campina\Data\210223_DJI_0533.JPG,True
0,C:\Users\faulhamm\OneDrive - Universität Graz\Dokumente\Sample_ML_One\Campina\Data\210223_DJI_0534.JPG,True
0,C:\Users\faulhamm\OneDrive - Universität Graz\Dokumente\Sample_ML_One\Campina\Data\210223_DJI_0537.JPG,True
0,C:\Users\faulhamm\OneDrive - Universität Graz\Dokumente\Sample_ML_One\Campina\Data\210223_DJI_0538.JPG,True
0,C:\Users\faulhamm\OneDrive - Universität Graz\Dokumente\Sample_ML_One\Campina\Data\210223_DJI_0542.JPG,True
0,C:\Users\faulhamm\OneDrive - Universität Graz\Dokumente\Sample_ML_One\Campina\Data\210223_DJI_0544.JPG,True
0,C:\Users\faulhamm\OneDrive - Universität Graz\Dokumente\Sample_ML_One\Campina\Data\210223_DJI_0546.JPG,False
0,C:\Users\faulhamm\OneDrive - Universität Graz\Dokumente\Sample_ML_One\Campina\Data\210223_DJI_0547.JPG,True
0,C:\Users\faulhamm\OneDrive - Universität Graz\Dokumente\Sample_ML_One\Campina\Data\210223_DJI_0550.JPG,True
0,C:\Users\faulhamm\OneDrive - Universität Graz\Dokumente\Sample_ML_One\Campina\Data\210223_DJI_0552.JPG,True
0,C:\Users\faulhamm\OneDrive - Universität Graz\Dokumente\Sample_ML_One\Campina\Data\210223_DJI_0553.JPG,True
0,C:\Users\faulhamm\OneDrive - Universität Graz\Dokumente\Sample_ML_One\Campina\Data\210223_DJI_0556.JPG,True
0,C:\Users\faulhamm\OneDrive - Universität Graz\Dokumente\Sample_ML_One\Campina\Data\210223_DJI_0558.JPG,True
0,C:\Users\faulhamm\OneDrive - Universität Graz\Dokumente\Sample_ML_One\Campina\Data\210223_DJI_0560.JPG,True
0,C:\Users\faulhamm\OneDrive - Universität Graz\Dokumente\Sample_ML_One\Campina\Data\210223_DJI_0564.JPG,True
0,C:\Users\faulhamm\OneDrive - Universität Graz\Dokumente\Sample_ML_One\Campina\Data\210223_DJI_0566.JPG,True
0,C:\Users\faulhamm\OneDrive - Universität Graz\Dokumente\Sample_ML_One\Campina\Data\210223_DJI_0568.JPG,True
0,C:\Users\faulhamm\OneDrive - Universität Graz\Dokumente\Sample_ML_One\Campina\Data\210223_DJI_0570.JPG,True
0,C:\Users\faulhamm\OneDrive - Universität Graz\Dokumente\Sample_ML_One\Campina\Data\210223_DJI_0573.JPG,True
0,C:\Users\faulhamm\OneDrive - Universität Graz\Dokumente\Sample_ML_One\Campina\Data\210223_DJI_0575.JPG,True
0,C:\Users\faulhamm\OneDrive - Universität Graz\Dokumente\Sample_ML_One\Campina\Data\210223_DJI_0576.JPG,False
0,C:\Users\faulhamm\OneDrive - Universität Graz\Dokumente\Sample_ML_One\Campina\Data\210223_DJI_0579.JPG,True
0,C:\Users\faulhamm\OneDrive - Universität Graz\Dokumente\Sample_ML_One\Campina\Data\210223_DJI_0581.JPG,True
0,C:\Users\faulhamm\OneDrive - Universität Graz\Dokumente\Sample_ML_One\Campina\Data\210223_DJI_0582.JPG,True
0,C:\Users\faulhamm\OneDrive - Universität Graz\Dokumente\Sample_ML_One\Campina\Data\210223_DJI_0585.JPG,True
0,C:\Users\faulhamm\OneDrive - Universität Graz\Dokumente\Sample_ML_One\Campina\Data\210223_DJI_0587.JPG,True
0,C:\Users\faulhamm\OneDrive - Universität Graz\Dokumente\Sample_ML_One\Campina\Data\210223_DJI_0590.JPG,True
0,C:\Users\faulhamm\OneDrive - Universität Graz\Dokumente\Sample_ML_One\Campina\Data\210223_DJI_0592.JPG,True
0,C:\Users\faulhamm\OneDrive - Universität Graz\Dokumente\Sample_ML_One\Campina\Data\210223_DJI_0595.JPG,True
0,C:\Users\faulhamm\OneDrive - Universität Graz\Dokumente\Sample_ML_One\Campina\Data\210223_DJI_0599.JPG,True
0,C:\Users\faulhamm\OneDrive - Universität Graz\Dokumente\Sample_ML_One\Campina\Data\210223_DJI_0601.JPG,True
0,C:\Users\faulhamm\OneDrive - Universität Graz\Dokumente\Sample_ML_One\Campina\Data\210223_DJI_0603.JPG,True
0,C:\Users\faulhamm\OneDrive - Universität Graz\Dokumente\Sample_ML_One\Campina\Data\210223_DJI_0604.JPG,True
0,C:\Users\faulhamm\OneDrive - Universität Graz\Dokumente\Sample_ML_One\Campina\Data\210223_DJI_0607.JPG,True
0,C:\Users\faulhamm\OneDrive - Universität Graz\Dokumente\Sample_ML_One\Campina\Data\210223_DJI_0608.JPG,True
0,C:\Users\faulhamm\OneDrive - Universität Graz\Dokumente\Sample_ML_One\Campina\Data\210223_DJI_0611.JPG,True
0,C:\Users\faulhamm\OneDrive - Universität Graz\Dokumente\Sample_ML_One\Campina\Data\210223_DJI_0613.JPG,True
0,C:\Users\faulhamm\OneDrive - Universität Graz\Dokumente\Sample_ML_One\Campina\Data\210223_DJI_0616.JPG,True
0,C:\Users\faulhamm\OneDrive - Universität Graz\Dokumente\Sample_ML_One\Campina\Data\210223_DJI_0618.JPG,True
0,C:\Users\faulhamm\OneDrive - Universität Graz\Dokumente\Sample_ML_One\Campina\Data\210223_DJI_0620.JPG,True
0,C:\Users\faulhamm\OneDrive - Universität Graz\Dokumente\Sample_ML_One\Campina\Data\210223_DJI_0622.JPG,False
0,C:\Users\faulhamm\OneDrive - Universität Graz\Dokumente\Sample_ML_One\Campina\Data\210223_DJI_0625.JPG,True
0,C:\Users\faulhamm\OneDrive - Universität Graz\Dokumente\Sample_ML_One\Campina\Data\210223_DJI_0627.JPG,True
0,C:\Users\faulhamm\OneDrive - Universität Graz\Dokumente\Sample_ML_One\Campina\Data\210223_DJI_0629.JPG,True
0,C:\Users\faulhamm\OneDrive - Universität Graz\Dokumente\Sample_ML_One\Campina\Data\210223_DJI_0631.JPG,True
0,C:\Users\faulhamm\OneDrive - Universität Graz\Dokumente\Sample_ML_One\Campina\Data\210223_DJI_0633.JPG,True
0,C:\Users\faulhamm\OneDrive - Universität Graz\Dokumente\Sample_ML_One\Campina\Data\210223_DJI_0635.JPG,True
0,C:\Users\faulhamm\OneDrive - Universität Graz\Dokumente\Sample_ML_One\Campina\Data\210223_DJI_0638.JPG,True
0,C:\Users\faulhamm\OneDrive - Universität Graz\Dokumente\Sample_ML_One\Campina\Data\210223_DJI_0641.JPG,True
0,C:\Users\faulhamm\OneDrive - Universität Graz\Dokumente\Sample_ML_One\Campina\Data\210223_DJI_0643.JPG,True
0,C:\Users\faulhamm\OneDrive - Universität Graz\Dokumente\Sample_ML_One\Campina\Data\210223_DJI_0645.JPG,True
0,C:\Users\faulhamm\OneDrive - Universität Graz\Dokumente\Sample_ML_One\Campina\Data\210223_DJI_0646.JPG,True
0,C:\Users\faulhamm\OneDrive - Universität Graz\Dokumente\Sample_ML_One\Campina\Data\210223_DJI_0649.JPG,True
0,C:\Users\faulhamm\OneDrive - Universität Graz\Dokumente\Sample_ML_One\Campina\Data\210223_DJI_0652.JPG,True
0,C:\Users\faulhamm\OneDrive - Universität Graz\Dokumente\Sample_ML_One\Campina\Data\210223_DJI_0653.JPG,True
0,C:\Users\faulhamm\OneDrive - Universität Graz\Dokumente\Sample_ML_One\Campina\Data\210223_DJI_0655.JPG,True
0,C:\Users\faulhamm\OneDrive - Universität Graz\Dokumente\Sample_ML_One\Campina\Data\210223_DJI_0657.JPG,True
0,C:\Users\faulhamm\OneDrive - Universität Graz\Dokumente\Sample_ML_One\Campina\Data\210223_DJI_0659.JPG,True
0,C:\Users\faulhamm\OneDrive - Universität Graz\Dokumente\Sample_ML_One\Campina\Data\210223_DJI_0662.JPG,True
0,C:\Users\faulhamm\OneDrive - Universität Graz\Dokumente\Sample_ML_One\Campina\Data\210223_DJI_0663.JPG,True
0,C:\Users\faulhamm\OneDrive - Universität Graz\Dokumente\Sample_ML_One\Campina\Data\210223_DJI_0666.JPG,True
0,C:\Users\faulhamm\OneDrive - Universität Graz\Dokumente\Sample_ML_One\Campina\Data\210223_DJI_0667.JPG,True
0,C:\Users\faulhamm\OneDrive - Universität Graz\Dokumente\Sample_ML_One\Campina\Data\210223_DJI_0670.JPG,True
0,C:\Users\faulhamm\OneDrive - Universität Graz\Dokumente\Sample_ML_One\Campina\Data\210223_DJI_0671.JPG,True
0,C:\Users\faulhamm\OneDrive - Universität Graz\Dokumente\Sample_ML_One\Campina\Data\210223_DJI_0673.JPG,True
0,C:\Users\faulhamm\OneDrive - Universität Graz\Dokumente\Sample_ML_One\Campina\Data\210223_DJI_0675.JPG,True
0,C:\Users\faulhamm\OneDrive - Universität Graz\Dokumente\Sample_ML_One\Campina\Data\210223_DJI_0677.JPG,True
0,C:\Users\faulhamm\OneDrive - Universität Graz\Dokumente\Sample_ML_One\Campina\Data\210223_DJI_0679.JPG,True
0,C:\Users\faulhamm\OneDrive - Universität Graz\Dokumente\Sample_ML_One\Campina\Data\210223_DJI_0680.JPG,True
0,C:\Users\faulhamm\OneDrive - Universität Graz\Dokumente\Sample_ML_One\Campina\Data\210223_DJI_0682.JPG,True
0,C:\Users\faulhamm\OneDrive - Universität Graz\Dokumente\Sample_ML_One\Campina\Data\210223_DJI_0684.JPG,True
0,C:\Users\faulhamm\OneDrive - Universität Graz\Dokumente\Sample_ML_One\Campina\Data\210223_DJI_0685.JPG,True
0,C:\Users\faulhamm\OneDrive - Universität Graz\Dokumente\Sample_ML_One\Campina\Data\220223_DJI_0059.JPG,True
0,C:\Users\faulhamm\OneDrive - Universität Graz\Dokumente\Sample_ML_One\Campina\Data\220223_DJI_0063.JPG,True
0,C:\Users\faulhamm\OneDrive - Universität Graz\Dokumente\Sample_ML_One\Campina\Data\220223_DJI_0067.JPG,True
0,C:\Users\faulhamm\OneDrive - Universität Graz\Dokumente\Sample_ML_One\Campina\Data\220223_DJI_0071.JPG,True
0,C:\Users\faulhamm\OneDrive - Universität Graz\Dokumente\Sample_ML_One\Campina\Data\220223_DJI_0075.JPG,True
0,C:\Users\faulhamm\OneDrive - Universität Graz\Dokumente\Sample_ML_One\Campina\Data\220223_DJI_0079.JPG,True
0,C:\Users\faulhamm\OneDrive - Universität Graz\Dokumente\Sample_ML_One\Campina\Data\220223_DJI_0084.JPG,True
0,C:\Users\faulhamm\OneDrive - Universität Graz\Dokumente\Sample_ML_One\Campina\Data\220223_DJI_0093.JPG,True
0,C:\Users\faulhamm\OneDrive - Universität Graz\Dokumente\Sample_ML_One\Campina\Data\220223_DJI_0099.JPG,True
0,C:\Users\faulhamm\OneDrive - Universität Graz\Dokumente\Sample_ML_One\Campina\Data\220223_DJI_0111.JPG,True
0,C:\Users\faulhamm\OneDrive - Universität Graz\Dokumente\Sample_ML_One\Campina\Data\220223_DJI_0117.JPG,True
0,C:\Users\faulhamm\OneDrive - Universität Graz\Dokumente\Sample_ML_One\Campina\Data\220223_DJI_0121.JPG,True
0,C:\Users\faulhamm\OneDrive - Universität Graz\Dokumente\Sample_ML_One\Campina\Data\220223_DJI_0125.JPG,True
0,C:\Users\faulhamm\OneDrive - Universität Graz\Dokumente\Sample_ML_One\Campina\Data\220223_DJI_0133.JPG,True
0,C:\Users\faulhamm\OneDrive - Universität Graz\Dokumente\Sample_ML_One\Campina\Data\220223_DJI_0137.JPG,True
0,C:\Users\faulhamm\OneDrive - Universität Graz\Dokumente\Sample_ML_One\Campina\Data\220223_DJI_0142.JPG,True
0,C:\Users\faulhamm\OneDrive - Universität Graz\Dokumente\Sample_ML_One\Campina\Data\220223_DJI_0146.JPG,True
0,C:\Users\faulhamm\OneDrive - Universität Graz\Dokumente\Sample_ML_One\Campina\Data\220223_DJI_0150.JPG,True
0,C:\Users\faulhamm\OneDrive - Universität Graz\Dokumente\Sample_ML_One\Campina\Data\220223_DJI_0154.JPG,True
0,C:\Users\faulhamm\OneDrive - Universität Graz\Dokumente\Sample_ML_One\Campina\Data\220223_DJI_0162.JPG,True
0,C:\Users\faulhamm\OneDrive - Universität Graz\Dokumente\Sample_ML_One\Campina\Data\220223_DJI_0166.JPG,True
0,C:\Users\faulhamm\OneDrive - Universität Graz\Dokumente\Sample_ML_One\Campina\Data\220223_DJI_0170.JPG,True
0,C:\Users\faulhamm\OneDrive - Universität Graz\Dokumente\Sample_ML_One\Campina\Data\220223_DJI_0179.JPG,True
0,C:\Users\faulhamm\OneDrive - Universität Graz\Dokumente\Sample_ML_One\Campina\Data\220223_DJI_0183.JPG,True
0,C:\Users\faulhamm\OneDrive - Universität Graz\Dokumente\Sample_ML_One\Campina\Data\220223_DJI_0187.JPG,True
0,C:\Users\faulhamm\OneDrive - Universität Graz\Dokumente\Sample_ML_One\Campina\Data\220223_DJI_0195.JPG,True
0,C:\Users\faulhamm\OneDrive - Universität Graz\Dokumente\Sample_ML_One\Campina\Data\220223_DJI_0204.JPG,True
0,C:\Users\faulhamm\OneDrive - Universität Graz\Dokumente\Sample_ML_One\Campina\Data\220223_DJI_0208.JPG,True
0,C:\Users\faulhamm\OneDrive - Universität Graz\Dokumente\Sample_ML_One\Campina\Data\220223_DJI_0212.JPG,True
0,C:\Users\faulhamm\OneDrive - Universität Graz\Dokumente\Sample_ML_One\Campina\Data\220223_DJI_0216.JPG,True
0,C:\Users\faulhamm\OneDrive - Universität Graz\Dokumente\Sample_ML_One\Campina\Data\220223_DJI_0225.JPG,True
0,C:\Users\faulhamm\OneDrive - Universität Graz\Dokumente\Sample_ML_One\Campina\Data\220223_DJI_0229.JPG,True
0,C:\Users\faulhamm\OneDrive - Universität Graz\Dokumente\Sample_ML_One\Campina\Data\220223_DJI_0237.JPG,True
0,C:\Users\faulhamm\OneDrive - Universität Graz\Dokumente\Sample_ML_One\Campina\Data\220223_DJI_0245.JPG,True
0,C:\Users\faulhamm\OneDrive - Universität Graz\Dokumente\Sample_ML_One\Campina\Data\220223_DJI_0249.JPG,True
0,C:\Users\faulhamm\OneDrive - Universität Graz\Dokumente\Sample_ML_One\Campina\Data\220223_DJI_0253.JPG,True
0,C:\Users\faulhamm\OneDrive - Universität Graz\Dokumente\Sample_ML_One\Campina\Data\220223_DJI_0263.JPG,False
0,C:\Users\faulhamm\OneDrive - Universität Graz\Dokumente\Sample_ML_One\Campina\Data\220223_DJI_0272.JPG,True
0,C:\Users\faulhamm\OneDrive - Universität Graz\Dokumente\Sample_ML_One\Campina\Data\220223_DJI_0276.JPG,True
0,C:\Users\faulhamm\OneDrive - Universität Graz\Dokumente\Sample_ML_One\Campina\Data\220223_DJI_0280.JPG,True
0,C:\Users\faulhamm\OneDrive - Universität Graz\Dokumente\Sample_ML_One\Campina\Data\220223_DJI_0284.JPG,True
0,C:\Users\faulhamm\OneDrive - Universität Graz\Dokumente\Sample_ML_One\Campina\Data\220223_DJI_0292.JPG,True
0,C:\Users\faulhamm\OneDrive - Universität Graz\Dokumente\Sample_ML_One\Campina\Data\220223_DJI_0296.JPG,True
0,C:\Users\faulhamm\OneDrive - Universität Graz\Dokumente\Sample_ML_One\Campina\Data\220223_DJI_0300.JPG,True
0,C:\Users\faulhamm\OneDrive - Universität Graz\Dokumente\Sample_ML_One\Campina\Data\220223_DJI_0305.JPG,True
0,C:\Users\faulhamm\OneDrive - Universität Graz\Dokumente\Sample_ML_One\Campina\Data\220223_DJI_0309.JPG,True
0,C:\Users\faulhamm\OneDrive - Universität Graz\Dokumente\Sample_ML_One\Campina\Data\220223_DJI_0315.JPG,True
0,C:\Users\faulhamm\OneDrive - Universität Graz\Dokumente\Sample_ML_One\Campina\Data\220223_DJI_0323.JPG,True
0,C:\Users\faulhamm\OneDrive - Universität Graz\Dokumente\Sample_ML_One\Campina\Data\220223_DJI_0332.JPG,True
0,C:\Users\faulhamm\OneDrive - Universität Graz\Dokumente\Sample_ML_One\Campina\Data\220223_DJI_0336.JPG,True
0,C:\Users\faulhamm\OneDrive - Universität Graz\Dokumente\Sample_ML_One\Campina\Data\220223_DJI_0340.JPG,True
0,C:\Users\faulhamm\OneDrive - Universität Graz\Dokumente\Sample_ML_One\Campina\Data\220223_DJI_0348.JPG,True
0,C:\Users\faulhamm\OneDrive - Universität Graz\Dokumente\Sample_ML_One\Campina\Data\220223_DJI_0356.JPG,True
0,C:\Users\faulhamm\OneDrive - Universität Graz\Dokumente\Sample_ML_One\Campina\Data\220223_DJI_0359.JPG,True
0,C:\Users\faulhamm\OneDrive - Universität Graz\Dokumente\Sample_ML_One\Campina\Data\220223_DJI_0363.JPG,True
0,C:\Users\faulhamm\OneDrive - Universität Graz\Dokumente\Sample_ML_One\Campina\Data\220223_DJI_0367.JPG,True
0,C:\Users\faulhamm\OneDrive - Universität Graz\Dokumente\Sample_ML_One\Campina\Data\220223_DJI_0372.JPG,True
0,C:\Users\faulhamm\OneDrive - Universität Graz\Dokumente\Sample_ML_One\Campina\Data\220223_DJI_0376.JPG,True
0,C:\Users\faulhamm\OneDrive - Universität Graz\Dokumente\Sample_ML_One\Campina\Data\220223_DJI_0381.JPG,True
0,C:\Users\faulhamm\OneDrive - Universität Graz\Dokumente\Sample_ML_One\Campina\Data\220223_DJI_0385.JPG,True
0,C:\Users\faulhamm\OneDrive - Universität Graz\Dokumente\Sample_ML_One\Campina\Data\220223_DJI_0390.JPG,True
0,C:\Users\faulhamm\OneDrive - Universität Graz\Dokumente\Sample_ML_One\Campina\Data\220223_DJI_0399.JPG,True
0,C:\Users\faulhamm\OneDrive - Universität Graz\Dokumente\Sample_ML_One\Campina\Data\220223_DJI_0403.JPG,True
0,C:\Users\faulhamm\OneDrive - Universität Graz\Dokumente\Sample_ML_One\Campina\Data\220223_DJI_0408.JPG,True
0,C:\Users\faulhamm\OneDrive - Universität Graz\Dokumente\Sample_ML_One\Campina\Data\220223_DJI_0412.JPG,True
0,C:\Users\faulhamm\OneDrive - Universität Graz\Dokumente\Sample_ML_One\Campina\Data\220223_DJI_0416.JPG,True
0,C:\Users\faulhamm\OneDrive - Universität Graz\Dokumente\Sample_ML_One\Campina\Data\220223_DJI_0420.JPG,True
0,C:\Users\faulhamm\OneDrive - Universität Graz\Dokumente\Sample_ML_One\Campina\Data\220223_DJI_0424.JPG,True
0,C:\Users\faulhamm\OneDrive - Universität Graz\Dokumente\Sample_ML_One\Campina\Data\220223_DJI_0429.JPG,True
0,C:\Users\faulhamm\OneDrive - Universität Graz\Dokumente\Sample_ML_One\Campina\Data\220223_DJI_0433.JPG,True
0,C:\Users\faulhamm\OneDrive - Universität Graz\Dokumente\Sample_ML_One\Campina\Data\220223_DJI_0443.JPG,True
0,C:\Users\faulhamm\OneDrive - Universität Graz\Dokumente\Sample_ML_One\Campina\Data\220223_DJI_0449.JPG,True
0,C:\Users\faulhamm\OneDrive - Universität Graz\Dokumente\Sample_ML_One\Campina\Data\220223_DJI_0457.JPG,True
0,C:\Users\faulhamm\OneDrive - Universität Graz\Dokumente\Sample_ML_One\Campina\Data\220223_DJI_0466.JPG,True
0,C:\Users\faulhamm\OneDrive - Universität Graz\Dokumente\Sample_ML_One\Campina\Data\220223_DJI_0470.JPG,True
0,C:\Users\faulhamm\OneDrive - Universität Graz\Dokumente\Sample_ML_One\Campina\Data\220223_DJI_0478.JPG,True
0,C:\Users\faulhamm\OneDrive - Universität Graz\Dokumente\Sample_ML_One\Campina\Data\220223_DJI_0482.JPG,True
0,C:\Users\faulhamm\OneDrive - Universität Graz\Dokumente\Sample_ML_One\Campina\Data\220223_DJI_0491.JPG,True
0,C:\Users\faulhamm\OneDrive - Universität Graz\Dokumente\Sample_ML_One\Campina\Data\220223_DJI_0499.JPG,True
0,C:\Users\faulhamm\OneDrive - Universität Graz\Dokumente\Sample_ML_One\Campina\Data\220223_DJI_0507.JPG,True
0,C:\Users\faulhamm\OneDrive - Universität Graz\Dokumente\Sample_ML_One\Campina\Data\220223_DJI_0515.JPG,True
0,C:\Users\faulhamm\OneDrive - Universität Graz\Dokumente\Sample_ML_One\Campina\Data\220223_DJI_0525.JPG,True
0,C:\Users\faulhamm\OneDrive - Universität Graz\Dokumente\Sample_ML_One\Campina\Data\220223_DJI_0529.JPG,True
0,C:\Users\faulhamm\OneDrive - Universität Graz\Dokumente\Sample_ML_One\Campina\Data\220223_DJI_0538.JPG,True
0,C:\Users\faulhamm\OneDrive - Universität Graz\Dokumente\Sample_ML_One\Campina\Data\220223_DJI_0543.JPG,True
0,C:\Users\faulhamm\OneDrive - Universität Graz\Dokumente\Sample_ML_One\Campina\Data\220223_DJI_0547.JPG,True
0,C:\Users\faulhamm\OneDrive - Universität Graz\Dokumente\Sample_ML_One\Campina\Data\220223_DJI_0551.JPG,True
0,C:\Users\faulhamm\OneDrive - Universität Graz\Dokumente\Sample_ML_One\Campina\Data\220223_DJI_0555.JPG,True
0,C:\Users\faulhamm\OneDrive - Universität Graz\Dokumente\Sample_ML_One\Campina\Data\220223_DJI_0563.JPG,True
0,C:\Users\faulhamm\OneDrive - Universität Graz\Dokumente\Sample_ML_One\Campina\Data\220223_DJI_0567.JPG,True
0,C:\Users\faulhamm\OneDrive - Universität Graz\Dokumente\Sample_ML_One\Campina\Data\220223_DJI_0571.JPG,True
0,C:\Users\faulhamm\OneDrive - Universität Graz\Dokumente\Sample_ML_One\Campina\Data\220223_DJI_0575.JPG,True
0,C:\Users\faulhamm\OneDrive - Universität Graz\Dokumente\Sample_ML_One\Campina\Data\220223_DJI_0580.JPG,True
0,C:\Users\faulhamm\OneDrive - Universität Graz\Dokumente\Sample_ML_One\Campina\Data\220223_DJI_0584.JPG,True
0,C:\Users\faulhamm\OneDrive - Universität Graz\Dokumente\Sample_ML_One\Campina\Data\220223_DJI_0589.JPG,True
0,C:\Users\faulhamm\OneDrive - Universität Graz\Dokumente\Sample_ML_One\Campina\Data\220223_DJI_0593.JPG,True
0,C:\Users\faulhamm\OneDrive - Universität Graz\Dokumente\Sample_ML_One\Campina\Data\220223_DJI_0597.JPG,True
0,C:\Users\faulhamm\OneDrive - Universität Graz\Dokumente\Sample_ML_One\Campina\Data\220223_DJI_0601.JPG,True
0,C:\Users\faulhamm\OneDrive - Universität Graz\Dokumente\Sample_ML_One\Campina\Data\220223_DJI_0605.JPG,True
0,C:\Users\faulhamm\OneDrive - Universität Graz\Dokumente\Sample_ML_One\Campina\Data\220223_DJI_0610.JPG,True
0,C:\Users\faulhamm\OneDrive - Universität Graz\Dokumente\Sample_ML_One\Campina\Data\220223_DJI_0614.JPG,True
0,C:\Users\faulhamm\OneDrive - Universität Graz\Dokumente\Sample_ML_One\Campina\Data\220223_DJI_0618.JPG,True
0,C:\Users\faulhamm\OneDrive - Universität Graz\Dokumente\Sample_ML_One\Campina\Data\220223_DJI_0625.JPG,True
0,C:\Users\faulhamm\OneDrive - Universität Graz\Dokumente\Sample_ML_One\Campina\Data\220223_DJI_0629.JPG,True
0,C:\Users\faulhamm\OneDrive - Universität Graz\Dokumente\Sample_ML_One\Campina\Data\220223_DJI_0633.JPG,True
0,C:\Users\faulhamm\OneDrive - Universität Graz\Dokumente\Sample_ML_One\Campina\Data\220223_DJI_0637.JPG,True
0,C:\Users\faulhamm\OneDrive - Universität Graz\Dokumente\Sample_ML_One\Campina\Data\220223_DJI_0641.JPG,True
0,C:\Users\faulhamm\OneDrive - Universität Graz\Dokumente\Sample_ML_One\Campina\Data\220223_DJI_0646.JPG,True
0,C:\Users\faulhamm\OneDrive - Universität Graz\Dokumente\Sample_ML_One\Campina\Data\220223_DJI_0650.JPG,True
0,C:\Users\faulhamm\OneDrive - Universität Graz\Dokumente\Sample_ML_One\Campina\Data\220223_DJI_0654.JPG,True
0,C:\Users\faulhamm\OneDrive - Universität Graz\Dokumente\Sample_ML_One\Campina\Data\240223_DJI_0001.JPG,True
0,C:\Users\faulhamm\OneDrive - Universität Graz\Dokumente\Sample_ML_One\Campina\Data\240223_DJI_0003.JPG,True
0,C:\Users\faulhamm\OneDrive - Universität Graz\Dokumente\Sample_ML_One\Campina\Data\240223_DJI_0005.JPG,True
0,C:\Users\faulhamm\OneDrive - Universität Graz\Dokumente\Sample_ML_One\Campina\Data\240223_DJI_0007.JPG,True
0,C:\Users\faulhamm\OneDrive - Universität Graz\Dokumente\Sample_ML_One\Campina\Data\240223_DJI_0009.JPG,True
0,C:\Users\faulhamm\OneDrive - Universität Graz\Dokumente\Sample_ML_One\Campina\Data\240223_DJI_0011.JPG,True
0,C:\Users\faulhamm\OneDrive - Universität Graz\Dokumente\Sample_ML_One\Campina\Data\240223_DJI_0013.JPG,True
0,C:\Users\faulhamm\OneDrive - Universität Graz\Dokumente\Sample_ML_One\Campina\Data\240223_DJI_0015.JPG,True
0,C:\Users\faulhamm\OneDrive - Universität Graz\Dokumente\Sample_ML_One\Campina\Data\240223_DJI_0016.JPG,True
0,C:\Users\faulhamm\OneDrive - Universität Graz\Dokumente\Sample_ML_One\Campina\Data\240223_DJI_0018.JPG,True
0,C:\Users\faulhamm\OneDrive - Universität Graz\Dokumente\Sample_ML_One\Campina\Data\240223_DJI_0020.JPG,True
0,C:\Users\faulhamm\OneDrive - Universität Graz\Dokumente\Sample_ML_One\Campina\Data\240223_DJI_0022.JPG,True
0,C:\Users\faulhamm\OneDrive - Universität Graz\Dokumente\Sample_ML_One\Campina\Data\240223_DJI_0056.JPG,True
0,C:\Users\faulhamm\OneDrive - Universität Graz\Dokumente\Sample_ML_One\Campina\Data\240223_DJI_0058.JPG,True
0,C:\Users\faulhamm\OneDrive - Universität Graz\Dokumente\Sample_ML_One\Campina\Data\240223_DJI_0060.JPG,True
0,C:\Users\faulhamm\OneDrive - Universität Graz\Dokumente\Sample_ML_One\Campina\Data\240223_DJI_0062.JPG,True
0,C:\Users\faulhamm\OneDrive - Universität Graz\Dokumente\Sample_ML_One\Campina\Data\240223_DJI_0064.JPG,True
0,C:\Users\faulhamm\OneDrive - Universität Graz\Dokumente\Sample_ML_One\Campina\Data\240223_DJI_0066.JPG,True
0,C:\Users\faulhamm\OneDrive - Universität Graz\Dokumente\Sample_ML_One\Campina\Data\240223_DJI_0068.JPG,False
0,C:\Users\faulhamm\OneDrive - Universität Graz\Dokumente\Sample_ML_One\Campina\Data\240223_DJI_0070.JPG,True
0,C:\Users\faulhamm\OneDrive - Universität Graz\Dokumente\Sample_ML_One\Campina\Data\240223_DJI_0072.JPG,True
0,C:\Users\faulhamm\OneDrive - Universität Graz\Dokumente\Sample_ML_One\Campina\Data\240223_DJI_0074.JPG,True
0,C:\Users\faulhamm\OneDrive - Universität Graz\Dokumente\Sample_ML_One\Campina\Data\240223_DJI_0076.JPG,True
0,C:\Users\faulhamm\OneDrive - Universität Graz\Dokumente\Sample_ML_One\Campina\Data\240223_DJI_0078.JPG,True
0,C:\Users\faulhamm\OneDrive - Universität Graz\Dokumente\Sample_ML_One\Campina\Data\240223_DJI_0080.JPG,True
0,C:\Users\faulhamm\OneDrive - Universität Graz\Dokumente\Sample_ML_One\Campina\Data\240223_DJI_0082.JPG,True
0,C:\Users\faulhamm\OneDrive - Universität Graz\Dokumente\Sample_ML_One\Campina\Data\240223_DJI_0084.JPG,True
0,C:\Users\faulhamm\OneDrive - Universität Graz\Dokumente\Sample_ML_One\Campina\Data\240223_DJI_0086.JPG,True
0,C:\Users\faulhamm\OneDrive - Universität Graz\Dokumente\Sample_ML_One\Campina\Data\240223_DJI_0088.JPG,True
0,C:\Users\faulhamm\OneDrive - Universität Graz\Dokumente\Sample_ML_One\Campina\Data\240223_DJI_0091.JPG,True
0,C:\Users\faulhamm\OneDrive - Universität Graz\Dokumente\Sample_ML_One\Campina\Data\240223_DJI_0093.JPG,True
0,C:\Users\faulhamm\OneDrive - Universität Graz\Dokumente\Sample_ML_One\Campina\Data\240223_DJI_0095.JPG,True
0,C:\Users\faulhamm\OneDrive - Universität Graz\Dokumente\Sample_ML_One\Campina\Data\240223_DJI_0097.JPG,True
0,C:\Users\faulhamm\OneDrive - Universität Graz\Dokumente\Sample_ML_One\Campina\Data\240223_DJI_0099.JPG,True
0,C:\Users\faulhamm\OneDrive - Universität Graz\Dokumente\Sample_ML_One\Campina\Data\240223_DJI_0101.JPG,True
0,C:\Users\faulhamm\OneDrive - Universität Graz\Dokumente\Sample_ML_One\Campina\Data\240223_DJI_0103.JPG,True
0,C:\Users\faulhamm\OneDrive - Universität Graz\Dokumente\Sample_ML_One\Campina\Data\240223_DJI_0105.JPG,True
0,C:\Users\faulhamm\OneDrive - Universität Graz\Dokumente\Sample_ML_One\Campina\Data\240223_DJI_0107.JPG,True
0,C:\Users\faulhamm\OneDrive - Universität Graz\Dokumente\Sample_ML_One\Campina\Data\240223_DJI_0108.JPG,True
0,C:\Users\faulhamm\OneDrive - Universität Graz\Dokumente\Sample_ML_One\Campina\Data\240223_DJI_0110.JPG,True
0,C:\Users\faulhamm\OneDrive - Universität Graz\Dokumente\Sample_ML_One\Campina\Data\240223_DJI_0112.JPG,True
0,C:\Users\faulhamm\OneDrive - Universität Graz\Dokumente\Sample_ML_One\Campina\Data\240223_DJI_0114.JPG,True
0,C:\Users\faulhamm\OneDrive - Universität Graz\Dokumente\Sample_ML_One\Campina\Data\240223_DJI_0116.JPG,True
0,C:\Users\faulhamm\OneDrive - Universität Graz\Dokumente\Sample_ML_One\Campina\Data\240223_DJI_0118.JPG,True
0,C:\Users\faulhamm\OneDrive - Universität Graz\Dokumente\Sample_ML_One\Campina\Data\240223_DJI_0120.JPG,True
0,C:\Users\faulhamm\OneDrive - Universität Graz\Dokumente\Sample_ML_One\Campina\Data\240223_DJI_0123.JPG,True
0,C:\Users\faulhamm\OneDrive - Universität Graz\Dokumente\Sample_ML_One\Campina\Data\240223_DJI_0125.JPG,True
0,C:\Users\faulhamm\OneDrive - Universität Graz\Dokumente\Sample_ML_One\Campina\Data\240223_DJI_0127.JPG,True
0,C:\Users\faulhamm\OneDrive - Universität Graz\Dokumente\Sample_ML_One\Campina\Data\240223_DJI_0129.JPG,True
0,C:\Users\faulhamm\OneDrive - Universität Graz\Dokumente\Sample_ML_One\Campina\Data\240223_DJI_0131.JPG,True
0,C:\Users\faulhamm\OneDrive - Universität Graz\Dokumente\Sample_ML_One\Campina\Data\240223_DJI_0133.JPG,True
0,C:\Users\faulhamm\OneDrive - Universität Graz\Dokumente\Sample_ML_One\Campina\Data\240223_DJI_0135.JPG,True
0,C:\Users\faulhamm\OneDrive - Universität Graz\Dokumente\Sample_ML_One\Campina\Data\240223_DJI_0137.JPG,True
0,C:\Users\faulhamm\OneDrive - Universität Graz\Dokumente\Sample_ML_One\Campina\Data\240223_DJI_0139.JPG,True
0,C:\Users\faulhamm\OneDrive - Universität Graz\Dokumente\Sample_ML_One\Campina\Data\240223_DJI_0141.JPG,True
0,C:\Users\faulhamm\OneDrive - Universität Graz\Dokumente\Sample_ML_One\Campina\Data\240223_DJI_0143.JPG,True
0,C:\Users\faulhamm\OneDrive - Universität Graz\Dokumente\Sample_ML_One\Campina\Data\240223_DJI_0145.JPG,True
0,C:\Users\faulhamm\OneDrive - Universität Graz\Dokumente\Sample_ML_One\Campina\Data\240223_DJI_0147.JPG,True
0,C:\Users\faulhamm\OneDrive - Universität Graz\Dokumente\Sample_ML_One\Campina\Data\240223_DJI_0149.JPG,True
0,C:\Users\faulhamm\OneDrive - Universität Graz\Dokumente\Sample_ML_One\Campina\Data\240223_DJI_0151.JPG,True
0,C:\Users\faulhamm\OneDrive - Universität Graz\Dokumente\Sample_ML_One\Campina\Data\240223_DJI_0153.JPG,True
0,C:\Users\faulhamm\OneDrive - Universität Graz\Dokumente\Sample_ML_One\Campina\Data\240223_DJI_0154.JPG,True
0,C:\Users\faulhamm\OneDrive - Universität Graz\Dokumente\Sample_ML_One\Campina\Data\240223_DJI_0156.JPG,True
0,C:\Users\faulhamm\OneDrive - Universität Graz\Dokumente\Sample_ML_One\Campina\Data\240223_DJI_0158.JPG,True
0,C:\Users\faulhamm\OneDrive - Universität Graz\Dokumente\Sample_ML_One\Campina\Data\240223_DJI_0160.JPG,True
0,C:\Users\faulhamm\OneDrive - Universität Graz\Dokumente\Sample_ML_One\Campina\Data\240223_DJI_0162.JPG,True
0,C:\Users\faulhamm\OneDrive - Universität Graz\Dokumente\Sample_ML_One\Campina\Data\240223_DJI_0164.JPG,True
0,C:\Users\faulhamm\OneDrive - Universität Graz\Dokumente\Sample_ML_One\Campina\Data\240223_DJI_0166.JPG,True
0,C:\Users\faulhamm\OneDrive - Universität Graz\Dokumente\Sample_ML_One\Campina\Data\240223_DJI_0168.JPG,True
0,C:\Users\faulhamm\OneDrive - Universität Graz\Dokumente\Sample_ML_One\Campina\Data\240223_DJI_0170.JPG,True
0,C:\Users\faulhamm\OneDrive - Universität Graz\Dokumente\Sample_ML_One\Campina\Data\240223_DJI_0172.JPG,True
0,C:\Users\faulhamm\OneDrive - Universität Graz\Dokumente\Sample_ML_One\Campina\Data\240223_DJI_0174.JPG,True
0,C:\Users\faulhamm\OneDrive - Universität Graz\Dokumente\Sample_ML_One\Campina\Data\240223_DJI_0176.JPG,True
0,C:\Users\faulhamm\OneDrive - Universität Graz\Dokumente\Sample_ML_One\Campina\Data\240223_DJI_0178.JPG,True
0,C:\Users\faulhamm\OneDrive - Universität Graz\Dokumente\Sample_ML_One\Campina\Data\240223_DJI_0180.JPG,True
0,C:\Users\faulhamm\OneDrive - Universität Graz\Dokumente\Sample_ML_One\Campina\Data\240223_DJI_0182.JPG,True
0,C:\Users\faulhamm\OneDrive - Universität Graz\Dokumente\Sample_ML_One\Campina\Data\240223_DJI_0184.JPG,True
0,C:\Users\faulhamm\OneDrive - Universität Graz\Dokumente\Sample_ML_One\Campina\Data\240223_DJI_0186.JPG,True
0,C:\Users\faulhamm\OneDrive - Universität Graz\Dokumente\Sample_ML_One\Campina\Data\240223_DJI_0190.JPG,True
0,C:\Users\faulhamm\OneDrive - Universität Graz\Dokumente\Sample_ML_One\Campina\Data\240223_DJI_0192.JPG,True
0,C:\Users\faulhamm\OneDrive - Universität Graz\Dokumente\Sample_ML_One\Campina\Data\240223_DJI_0194.JPG,False
0,C:\Users\faulhamm\OneDrive - Universität Graz\Dokumente\Sample_ML_One\Campina\Data\240223_DJI_0196.JPG,True
0,C:\Users\faulhamm\OneDrive - Universität Graz\Dokumente\Sample_ML_One\Campina\Data\240223_DJI_0198.JPG,True
0,C:\Users\faulhamm\OneDrive - Universität Graz\Dokumente\Sample_ML_One\Campina\Data\240223_DJI_0200.JPG,True
0,C:\Users\faulhamm\OneDrive - Universität Graz\Dokumente\Sample_ML_One\Campina\Data\240223_DJI_0202.JPG,True
0,C:\Users\faulhamm\OneDrive - Universität Graz\Dokumente\Sample_ML_One\Campina\Data\240223_DJI_0204.JPG,True
0,C:\Users\faulhamm\OneDrive - Universität Graz\Dokumente\Sample_ML_One\Campina\Data\240223_DJI_0206.JPG,True
0,C:\Users\faulhamm\OneDrive - Universität Graz\Dokumente\Sample_ML_One\Campina\Data\240223_DJI_0208.JPG,True
0,C:\Users\faulhamm\OneDrive - Universität Graz\Dokumente\Sample_ML_One\Campina\Data\240223_DJI_0210.JPG,True
0,C:\Users\faulhamm\OneDrive - Universität Graz\Dokumente\Sample_ML_One\Campina\Data\240223_DJI_0213.JPG,True
0,C:\Users\faulhamm\OneDrive - Universität Graz\Dokumente\Sample_ML_One\Campina\Data\240223_DJI_0215.JPG,True
0,C:\Users\faulhamm\OneDrive - Universität Graz\Dokumente\Sample_ML_One\Campina\Data\240223_DJI_0217.JPG,True
0,C:\Users\faulhamm\OneDrive - Universität Graz\Dokumente\Sample_ML_One\Campina\Data\240223_DJI_0219.JPG,True
0,C:\Users\faulhamm\OneDrive - Universität Graz\Dokumente\Sample_ML_One\Campina\Data\240223_DJI_0221.JPG,True
0,C:\Users\faulhamm\OneDrive - Universität Graz\Dokumente\Sample_ML_One\Campina\Data\240223_DJI_0223.JPG,True
0,C:\Users\faulhamm\OneDrive - Universität Graz\Dokumente\Sample_ML_One\Campina\Data\240223_DJI_0941.JPG,True
0,C:\Users\faulhamm\OneDrive - Universität Graz\Dokumente\Sample_ML_One\Campina\Data\240223_DJI_0943.JPG,True
0,C:\Users\faulhamm\OneDrive - Universität Graz\Dokumente\Sample_ML_One\Campina\Data\240223_DJI_0945.JPG,True
0,C:\Users\faulhamm\OneDrive - Universität Graz\Dokumente\Sample_ML_One\Campina\Data\240223_DJI_0947.JPG,True
0,C:\Users\faulhamm\OneDrive - Universität Graz\Dokumente\Sample_ML_One\Campina\Data\240223_DJI_0959.JPG,True
0,C:\Users\faulhamm\OneDrive - Universität Graz\Dokumente\Sample_ML_One\Campina\Data\240223_DJI_0961.JPG,True
0,C:\Users\faulhamm\OneDrive - Universität Graz\Dokumente\Sample_ML_One\Campina\Data\240223_DJI_0963.JPG,True
0,C:\Users\faulhamm\OneDrive - Universität Graz\Dokumente\Sample_ML_One\Campina\Data\240223_DJI_0973.JPG,True
0,C:\Users\faulhamm\OneDrive - Universität Graz\Dokumente\Sample_ML_One\Campina\Data\240223_DJI_0975.JPG,True
0,C:\Users\faulhamm\OneDrive - Universität Graz\Dokumente\Sample_ML_One\Campina\Data\240223_DJI_0977.JPG,True
0,C:\Users\faulhamm\OneDrive - Universität Graz\Dokumente\Sample_ML_One\Campina\Data\240223_DJI_0979.JPG,True
0,C:\Users\faulhamm\OneDrive - Universität Graz\Dokumente\Sample_ML_One\Campina\Data\240223_DJI_0981.JPG,True
0,C:\Users\faulhamm\OneDrive - Universität Graz\Dokumente\Sample_ML_One\Campina\Data\240223_DJI_0983.JPG,True
0,C:\Users\faulhamm\OneDrive - Universität Graz\Dokumente\Sample_ML_One\Campina\Data\240223_DJI_0985.JPG,True
0,C:\Users\faulhamm\OneDrive - Universität Graz\Dokumente\Sample_ML_One\Campina\Data\240223_DJI_0987.JPG,True
0,C:\Users\faulhamm\OneDrive - Universität Graz\Dokumente\Sample_ML_One\Campina\Data\240223_DJI_0989.JPG,True
0,C:\Users\faulhamm\OneDrive - Universität Graz\Dokumente\Sample_ML_One\Campina\Data\240223_DJI_0991.JPG,True
0,C:\Users\faulhamm\OneDrive - Universität Graz\Dokumente\Sample_ML_One\Campina\Data\240223_DJI_0993.JPG,True
0,C:\Users\faulhamm\OneDrive - Universität Graz\Dokumente\Sample_ML_One\Campina\Data\240223_DJI_0995.JPG,True
0,C:\Users\faulhamm\OneDrive - Universität Graz\Dokumente\Sample_ML_One\Campina\Data\240223_DJI_0997.JPG,True
0,C:\Users\faulhamm\OneDrive - Universität Graz\Dokumente\Sample_ML_One\Campina\Data\240223_DJI_0999.JPG,True
0,C:\Users\faulhamm\OneDrive - Universität Graz\Dokumente\Sample_ML_One\Campina\Data\250223_DJI_0236.JPG,True
0,C:\Users\faulhamm\OneDrive - Universität Graz\Dokumente\Sample_ML_One\Campina\Data\250223_DJI_0238.JPG,True
0,C:\Users\faulhamm\OneDrive - Universität Graz\Dokumente\Sample_ML_One\Campina\Data\250223_DJI_0240.JPG,True
0,C:\Users\faulhamm\OneDrive - Universität Graz\Dokumente\Sample_ML_One\Campina\Data\250223_DJI_0242.JPG,True
0,C:\Users\faulhamm\OneDrive - Universität Graz\Dokumente\Sample_ML_One\Campina\Data\250223_DJI_0244.JPG,True
0,C:\Users\faulhamm\OneDrive - Universität Graz\Dokumente\Sample_ML_One\Campina\Data\250223_DJI_0246.JPG,True
0,C:\Users\faulhamm\OneDrive - Universität Graz\Dokumente\Sample_ML_One\Campina\Data\250223_DJI_0248.JPG,True
0,C:\Users\faulhamm\OneDrive - Universität Graz\Dokumente\Sample_ML_One\Campina\Data\250223_DJI_0250.JPG,True
0,C:\Users\faulhamm\OneDrive - Universität Graz\Dokumente\Sample_ML_One\Campina\Data\250223_DJI_0254.JPG,True
0,C:\Users\faulhamm\OneDrive - Universität Graz\Dokumente\Sample_ML_One\Campina\Data\250223_DJI_0256.JPG,True
0,C:\Users\faulhamm\OneDrive - Universität Graz\Dokumente\Sample_ML_One\Campina\Data\250223_DJI_0258.JPG,True
0,C:\Users\faulhamm\OneDrive - Universität Graz\Dokumente\Sample_ML_One\Campina\Data\250223_DJI_0260.JPG,True
0,C:\Users\faulhamm\OneDrive - Universität Graz\Dokumente\Sample_ML_One\Campina\Data\250223_DJI_0262.JPG,True
0,C:\Users\faulhamm\OneDrive - Universität Graz\Dokumente\Sample_ML_One\Campina\Data\250223_DJI_0264.JPG,True
0,C:\Users\faulhamm\OneDrive - Universität Graz\Dokumente\Sample_ML_One\Campina\Data\250223_DJI_0266.JPG,True
0,C:\Users\faulhamm\OneDrive - Universität Graz\Dokumente\Sample_ML_One\Campina\Data\250223_DJI_0268.JPG,True
0,C:\Users\faulhamm\OneDrive - Universität Graz\Dokumente\Sample_ML_One\Campina\Data\250223_DJI_0271.JPG,True
0,C:\Users\faulhamm\OneDrive - Universität Graz\Dokumente\Sample_ML_One\Campina\Data\250223_DJI_0273.JPG,True
0,C:\Users\faulhamm\OneDrive - Universität Graz\Dokumente\Sample_ML_One\Campina\Data\250223_DJI_0275.JPG,True
0,C:\Users\faulhamm\OneDrive - Universität Graz\Dokumente\Sample_ML_One\Campina\Data\250223_DJI_0277.JPG,True
0,C:\Users\faulhamm\OneDrive - Universität Graz\Dokumente\Sample_ML_One\Campina\Data\250223_DJI_0279.JPG,True
0,C:\Users\faulhamm\OneDrive - Universität Graz\Dokumente\Sample_ML_One\Campina\Data\250223_DJI_0281.JPG,True
0,C:\Users\faulhamm\OneDrive - Universität Graz\Dokumente\Sample_ML_One\Campina\Data\250223_DJI_0283.JPG,True
0,C:\Users\faulhamm\OneDrive - Universität Graz\Dokumente\Sample_ML_One\Campina\Data\250223_DJI_0285.JPG,True
0,C:\Users\faulhamm\OneDrive - Universität Graz\Dokumente\Sample_ML_One\Campina\Data\250223_DJI_0287.JPG,True
0,C:\Users\faulhamm\OneDrive - Universität Graz\Dokumente\Sample_ML_One\Campina\Data\250223_DJI_0289.JPG,True
0,C:\Users\faulhamm\OneDrive - Universität Graz\Dokumente\Sample_ML_One\Campina\Data\250223_DJI_0291.JPG,True
0,C:\Users\faulhamm\OneDrive - Universität Graz\Dokumente\Sample_ML_One\Campina\Data\250223_DJI_0293.JPG,True
0,C:\Users\faulhamm\OneDrive - Universität Graz\Dokumente\Sample_ML_One\Campina\Data\250223_DJI_0295.JPG,True
0,C:\Users\faulhamm\OneDrive - Universität Graz\Dokumente\Sample_ML_One\Campina\Data\250223_DJI_0297.JPG,True
0,C:\Users\faulhamm\OneDrive - Universität Graz\Dokumente\Sample_ML_One\Campina\Data\250223_DJI_0299.JPG,True
0,C:\Users\faulhamm\OneDrive - Universität Graz\Dokumente\Sample_ML_One\Campina\Data\250223_DJI_0302.JPG,True
0,C:\Users\faulhamm\OneDrive - Universität Graz\Dokumente\Sample_ML_One\Campina\Data\250223_DJI_0304.JPG,True
0,C:\Users\faulhamm\OneDrive - Universität Graz\Dokumente\Sample_ML_One\Campina\Data\250223_DJI_0306.JPG,True
0,C:\Users\faulhamm\OneDrive - Universität Graz\Dokumente\Sample_ML_One\Campina\Data\250223_DJI_0308.JPG,True
0,C:\Users\faulhamm\OneDrive - Universität Graz\Dokumente\Sample_ML_One\Campina\Data\250223_DJI_0310.JPG,True
0,C:\Users\faulhamm\OneDrive - Universität Graz\Dokumente\Sample_ML_One\Campina\Data\250223_DJI_0312.JPG,True
0,C:\Users\faulhamm\OneDrive - Universität Graz\Dokumente\Sample_ML_One\Campina\Data\250223_DJI_0315.JPG,True
0,C:\Users\faulhamm\OneDrive - Universität Graz\Dokumente\Sample_ML_One\Campina\Data\250223_DJI_0317.JPG,True
0,C:\Users\faulhamm\OneDrive - Universität Graz\Dokumente\Sample_ML_One\Campina\Data\250223_DJI_0319.JPG,True
0,C:\Users\faulhamm\OneDrive - Universität Graz\Dokumente\Sample_ML_One\Campina\Data\250223_DJI_0321.JPG,True
0,C:\Users\faulhamm\OneDrive - Universität Graz\Dokumente\Sample_ML_One\Campina\Data\250223_DJI_0323.JPG,True
0,C:\Users\faulhamm\OneDrive - Universität Graz\Dokumente\Sample_ML_One\Campina\Data\250223_DJI_0325.JPG,True
0,C:\Users\faulhamm\OneDrive - Universität Graz\Dokumente\Sample_ML_One\Campina\Data\250223_DJI_0327.JPG,True
0,C:\Users\faulhamm\OneDrive - Universität Graz\Dokumente\Sample_ML_One\Campina\Data\250223_DJI_0329.JPG,True
0,C:\Users\faulhamm\OneDrive - Universität Graz\Dokumente\Sample_ML_One\Campina\Data\250223_DJI_0331.JPG,True
0,C:\Users\faulhamm\OneDrive - Universität Graz\Dokumente\Sample_ML_One\Campina\Data\250223_DJI_0333.JPG,True
0,C:\Users\faulhamm\OneDrive - Universität Graz\Dokumente\Sample_ML_One\Campina\Data\250223_DJI_0335.JPG,True
0,C:\Users\faulhamm\OneDrive - Universität Graz\Dokumente\Sample_ML_One\Campina\Data\250223_DJI_0337.JPG,True
0,C:\Users\faulhamm\OneDrive - Universität Graz\Dokumente\Sample_ML_One\Campina\Data\250223_DJI_0339.JPG,True
0,C:\Users\faulhamm\OneDrive - Universität Graz\Dokumente\Sample_ML_One\Campina\Data\250223_DJI_0341.JPG,True
0,C:\Users\faulhamm\OneDrive - Universität Graz\Dokumente\Sample_ML_One\Campina\Data\250223_DJI_0343.JPG,True
0,C:\Users\faulhamm\OneDrive - Universität Graz\Dokumente\Sample_ML_One\Campina\Data\250223_DJI_0345.JPG,True
0,C:\Users\faulhamm\OneDrive - Universität Graz\Dokumente\Sample_ML_One\Campina\Data\250223_DJI_0347.JPG,True
0,C:\Users\faulhamm\OneDrive - Universität Graz\Dokumente\Sample_ML_One\Campina\Data\250223_DJI_0349.JPG,True
